USE [master]
GO
/****** Object:  Database [Прокат]    Script Date: 16.05.2023 14:02:43 ******/
CREATE DATABASE [Прокат]
 CONTAINMENT = NONE
 ON  PRIMARY 
( NAME = N'Прокат', FILENAME = N'C:\Program Files\Microsoft SQL Server\MSSQL14.SQLEXPRESS\MSSQL\DATA\Прокат.mdf' , SIZE = 8192KB , MAXSIZE = UNLIMITED, FILEGROWTH = 65536KB )
 LOG ON 
( NAME = N'Прокат_log', FILENAME = N'C:\Program Files\Microsoft SQL Server\MSSQL14.SQLEXPRESS\MSSQL\DATA\Прокат_log.ldf' , SIZE = 8192KB , MAXSIZE = 2048GB , FILEGROWTH = 65536KB )
GO
ALTER DATABASE [Прокат] SET COMPATIBILITY_LEVEL = 140
GO
IF (1 = FULLTEXTSERVICEPROPERTY('IsFullTextInstalled'))
begin
EXEC [Прокат].[dbo].[sp_fulltext_database] @action = 'enable'
end
GO
ALTER DATABASE [Прокат] SET ANSI_NULL_DEFAULT OFF 
GO
ALTER DATABASE [Прокат] SET ANSI_NULLS OFF 
GO
ALTER DATABASE [Прокат] SET ANSI_PADDING OFF 
GO
ALTER DATABASE [Прокат] SET ANSI_WARNINGS OFF 
GO
ALTER DATABASE [Прокат] SET ARITHABORT OFF 
GO
ALTER DATABASE [Прокат] SET AUTO_CLOSE OFF 
GO
ALTER DATABASE [Прокат] SET AUTO_SHRINK OFF 
GO
ALTER DATABASE [Прокат] SET AUTO_UPDATE_STATISTICS ON 
GO
ALTER DATABASE [Прокат] SET CURSOR_CLOSE_ON_COMMIT OFF 
GO
ALTER DATABASE [Прокат] SET CURSOR_DEFAULT  GLOBAL 
GO
ALTER DATABASE [Прокат] SET CONCAT_NULL_YIELDS_NULL OFF 
GO
ALTER DATABASE [Прокат] SET NUMERIC_ROUNDABORT OFF 
GO
ALTER DATABASE [Прокат] SET QUOTED_IDENTIFIER OFF 
GO
ALTER DATABASE [Прокат] SET RECURSIVE_TRIGGERS OFF 
GO
ALTER DATABASE [Прокат] SET  DISABLE_BROKER 
GO
ALTER DATABASE [Прокат] SET AUTO_UPDATE_STATISTICS_ASYNC OFF 
GO
ALTER DATABASE [Прокат] SET DATE_CORRELATION_OPTIMIZATION OFF 
GO
ALTER DATABASE [Прокат] SET TRUSTWORTHY OFF 
GO
ALTER DATABASE [Прокат] SET ALLOW_SNAPSHOT_ISOLATION OFF 
GO
ALTER DATABASE [Прокат] SET PARAMETERIZATION SIMPLE 
GO
ALTER DATABASE [Прокат] SET READ_COMMITTED_SNAPSHOT OFF 
GO
ALTER DATABASE [Прокат] SET HONOR_BROKER_PRIORITY OFF 
GO
ALTER DATABASE [Прокат] SET RECOVERY SIMPLE 
GO
ALTER DATABASE [Прокат] SET  MULTI_USER 
GO
ALTER DATABASE [Прокат] SET PAGE_VERIFY CHECKSUM  
GO
ALTER DATABASE [Прокат] SET DB_CHAINING OFF 
GO
ALTER DATABASE [Прокат] SET FILESTREAM( NON_TRANSACTED_ACCESS = OFF ) 
GO
ALTER DATABASE [Прокат] SET TARGET_RECOVERY_TIME = 60 SECONDS 
GO
ALTER DATABASE [Прокат] SET DELAYED_DURABILITY = DISABLED 
GO
ALTER DATABASE [Прокат] SET QUERY_STORE = OFF
GO
USE [Прокат]
GO
/****** Object:  Table [dbo].[Заказы]    Script Date: 16.05.2023 14:02:43 ******/
SET ANSI_NULLS ON
GO
SET QUOTED_IDENTIFIER ON
GO
CREATE TABLE [dbo].[Заказы](
	[Код заказа] [nvarchar](50) NOT NULL,
	[Код сотрудника] [int] NULL,
	[Дата создания] [date] NOT NULL,
	[Время заказа] [time](7) NOT NULL,
	[Код клиента] [int] NOT NULL,
	[Статус] [nvarchar](50) NOT NULL,
	[Дата закрытия] [date] NULL,
	[Время проката] [nvarchar](50) NULL,
 CONSTRAINT [PK_Заказы] PRIMARY KEY CLUSTERED 
(
	[Код заказа] ASC
)WITH (PAD_INDEX = OFF, STATISTICS_NORECOMPUTE = OFF, IGNORE_DUP_KEY = OFF, ALLOW_ROW_LOCKS = ON, ALLOW_PAGE_LOCKS = ON) ON [PRIMARY]
) ON [PRIMARY]
GO
/****** Object:  Table [dbo].[Клиенты]    Script Date: 16.05.2023 14:02:43 ******/
SET ANSI_NULLS ON
GO
SET QUOTED_IDENTIFIER ON
GO
CREATE TABLE [dbo].[Клиенты](
	[Код клиента] [int] NOT NULL,
	[ФИО] [nvarchar](80) NOT NULL,
	[Паспортные данные] [nvarchar](80) NOT NULL,
	[Дата рождения] [date] NULL,
	[Адрес] [nvarchar](100) NOT NULL,
	[email] [nvarchar](50) NULL,
	[password] [nvarchar](50) NULL,
 CONSTRAINT [PK_Клиенты] PRIMARY KEY CLUSTERED 
(
	[Код клиента] ASC
)WITH (PAD_INDEX = OFF, STATISTICS_NORECOMPUTE = OFF, IGNORE_DUP_KEY = OFF, ALLOW_ROW_LOCKS = ON, ALLOW_PAGE_LOCKS = ON) ON [PRIMARY]
) ON [PRIMARY]
GO
/****** Object:  Table [dbo].[Отчеты]    Script Date: 16.05.2023 14:02:43 ******/
SET ANSI_NULLS ON
GO
SET QUOTED_IDENTIFIER ON
GO
CREATE TABLE [dbo].[Отчеты](
	[ID] [int] NOT NULL,
	[Код сотрудника] [int] NOT NULL,
	[Код заказа] [nvarchar](50) NOT NULL,
	[Дата создания] [date] NULL,
 CONSTRAINT [PK_Отчеты] PRIMARY KEY CLUSTERED 
(
	[ID] ASC
)WITH (PAD_INDEX = OFF, STATISTICS_NORECOMPUTE = OFF, IGNORE_DUP_KEY = OFF, ALLOW_ROW_LOCKS = ON, ALLOW_PAGE_LOCKS = ON) ON [PRIMARY]
) ON [PRIMARY]
GO
/****** Object:  Table [dbo].[Сотрудники]    Script Date: 16.05.2023 14:02:43 ******/
SET ANSI_NULLS ON
GO
SET QUOTED_IDENTIFIER ON
GO
CREATE TABLE [dbo].[Сотрудники](
	[Код сотрудника] [int] NOT NULL,
	[Должность] [nvarchar](50) NOT NULL,
	[ФИО] [nvarchar](50) NOT NULL,
	[Логин] [nvarchar](50) NOT NULL,
	[Пароль] [nvarchar](50) NOT NULL,
	[Последний вход] [nvarchar](50) NULL,
	[Тип входа] [nvarchar](50) NULL,
 CONSTRAINT [PK_Сотрудники] PRIMARY KEY CLUSTERED 
(
	[Код сотрудника] ASC
)WITH (PAD_INDEX = OFF, STATISTICS_NORECOMPUTE = OFF, IGNORE_DUP_KEY = OFF, ALLOW_ROW_LOCKS = ON, ALLOW_PAGE_LOCKS = ON) ON [PRIMARY]
) ON [PRIMARY]
GO
/****** Object:  Table [dbo].[Список услуг]  Script Date: 16.05.2023 14:02:43 ******/
SET ANSI_NULLS ON
GO
SET QUOTED_IDENTIFIER ON
GO
CREATE TABLE [dbo].[Список услуг](
	[ID] [int] NOT NULL,
	[Код заказа] [nvarchar](50) NOT NULL,
	[Код услуги] [int] NOT NULL,
 CONSTRAINT [PK_Список услуг] PRIMARY KEY CLUSTERED 
(
	[ID] ASC
)WITH (PAD_INDEX = OFF, STATISTICS_NORECOMPUTE = OFF, IGNORE_DUP_KEY = OFF, ALLOW_ROW_LOCKS = ON, ALLOW_PAGE_LOCKS = ON) ON [PRIMARY]
) ON [PRIMARY]
GO
/****** Object:  Table [dbo].[Услуги]    Script Date: 16.05.2023 14:02:43 ******/
SET ANSI_NULLS ON
GO
SET QUOTED_IDENTIFIER ON
GO
CREATE TABLE [dbo].[Услуги](
	[Код услуги] [int] NOT NULL,
	[Наименование] [nvarchar](50) NOT NULL,
	[Шифр] [nvarchar](50) NOT NULL,
	[Стоимость руб час] [money] NULL,
 CONSTRAINT [PK_Услуги] PRIMARY KEY CLUSTERED 
(
	[Код услуги] ASC
)WITH (PAD_INDEX = OFF, STATISTICS_NORECOMPUTE = OFF, IGNORE_DUP_KEY = OFF, ALLOW_ROW_LOCKS = ON, ALLOW_PAGE_LOCKS = ON) ON [PRIMARY]
) ON [PRIMARY]
GO
INSERT [dbo].[Заказы] ([Код заказа], [Код сотрудника], [Дата создания], [Время заказа], [Код клиента], [Статус], [Дата закрытия], [Время проката]) VALUES (N'45462526/12.03.2022', NULL, CAST(N'2022-03-12' AS Date), CAST(N'09:10:00' AS Time), 45462526, N'Новая', NULL, N'120 минут')
INSERT [dbo].[Заказы] ([Код заказа], [Код сотрудника], [Дата создания], [Время заказа], [Код клиента], [Статус], [Дата закрытия], [Время проката]) VALUES (N'45462527/13.03.2022', NULL, CAST(N'2022-03-13' AS Date), CAST(N'10:10:00' AS Time), 45462527, N'В прокате', NULL, N'600 минут')
INSERT [dbo].[Заказы] ([Код заказа], [Код сотрудника], [Дата создания], [Время заказа], [Код клиента], [Статус], [Дата закрытия], [Время проката]) VALUES (N'45462528/14.03.2022', NULL, CAST(N'2022-03-14' AS Date), CAST(N'11:10:00' AS Time), 45462528, N'В прокате', NULL, N'120 минут')
INSERT [dbo].[Заказы] ([Код заказа], [Код сотрудника], [Дата создания], [Время заказа], [Код клиента], [Статус], [Дата закрытия], [Время проката]) VALUES (N'45462529/15.03.2022', NULL, CAST(N'2022-03-15' AS Date), CAST(N'12:10:00' AS Time), 45462529, N'Новая', NULL, N'600 минут')
INSERT [dbo].[Заказы] ([Код заказа], [Код сотрудника], [Дата создания], [Время заказа], [Код клиента], [Статус], [Дата закрытия], [Время проката]) VALUES (N'45462530/16.03.2022', NULL, CAST(N'2022-03-16' AS Date), CAST(N'13:10:00' AS Time), 45462530, N'Закрыта', CAST(N'2022-04-16' AS Date), N'320 минут')
INSERT [dbo].[Заказы] ([Код заказа], [Код сотрудника], [Дата создания], [Время заказа], [Код клиента], [Статус], [Дата закрытия], [Время проката]) VALUES (N'45462531/17.03.2022', NULL, CAST(N'2022-03-17' AS Date), CAST(N'14:10:00' AS Time), 45462531, N'Новая', NULL, N'480 минут')
INSERT [dbo].[Заказы] ([Код заказа], [Код сотрудника], [Дата создания], [Время заказа], [Код клиента], [Статус], [Дата закрытия], [Время проката]) VALUES (N'45462532/18.03.2022', NULL, CAST(N'2022-03-18' AS Date), CAST(N'15:10:00' AS Time), 45462532, N'Новая', NULL, N'240 минут')
INSERT [dbo].[Заказы] ([Код заказа], [Код сотрудника], [Дата создания], [Время заказа], [Код клиента], [Статус], [Дата закрытия], [Время проката]) VALUES (N'45462533/19.03.2022', NULL, CAST(N'2022-03-19' AS Date), CAST(N'16:10:00' AS Time), 45462533, N'В прокате', NULL, N'360 минут')
INSERT [dbo].[Заказы] ([Код заказа], [Код сотрудника], [Дата создания], [Время заказа], [Код клиента], [Статус], [Дата закрытия], [Время проката]) VALUES (N'45462534/20.03.2022', NULL, CAST(N'2022-03-20' AS Date), CAST(N'10:00:00' AS Time), 45462534, N'Закрыта', CAST(N'2022-03-20' AS Date), N'720 минут')
INSERT [dbo].[Заказы] ([Код заказа], [Код сотрудника], [Дата создания], [Время заказа], [Код клиента], [Статус], [Дата закрытия], [Время проката]) VALUES (N'45462535/21.03.2022', NULL, CAST(N'2022-03-21' AS Date), CAST(N'11:00:00' AS Time), 45462535, N'Новая', NULL, N'120 минут')
INSERT [dbo].[Заказы] ([Код заказа], [Код сотрудника], [Дата создания], [Время заказа], [Код клиента], [Статус], [Дата закрытия], [Время проката]) VALUES (N'45462536/22.03.2022', NULL, CAST(N'2022-03-22' AS Date), CAST(N'12:00:00' AS Time), 45462536, N'Закрыта', CAST(N'2022-03-22' AS Date), N'600 минут')
INSERT [dbo].[Заказы] ([Код заказа], [Код сотрудника], [Дата создания], [Время заказа], [Код клиента], [Статус], [Дата закрытия], [Время проката]) VALUES (N'45462537/23.03.2022', NULL, CAST(N'2022-03-23' AS Date), CAST(N'13:00:00' AS Time), 45462537, N'В прокате', NULL, N'120 минут')
INSERT [dbo].[Заказы] ([Код заказа], [Код сотрудника], [Дата создания], [Время заказа], [Код клиента], [Статус], [Дата закрытия], [Время проката]) VALUES (N'45462538/24.03.2022', NULL, CAST(N'2022-03-24' AS Date), CAST(N'14:00:00' AS Time), 45462538, N'В прокате', NULL, N'600 минут')
INSERT [dbo].[Заказы] ([Код заказа], [Код сотрудника], [Дата создания], [Время заказа], [Код клиента], [Статус], [Дата закрытия], [Время проката]) VALUES (N'45462539/25.03.2022', NULL, CAST(N'2022-03-25' AS Date), CAST(N'15:00:00' AS Time), 45462539, N'В прокате', NULL, N'320 минут')
INSERT [dbo].[Заказы] ([Код заказа], [Код сотрудника], [Дата создания], [Время заказа], [Код клиента], [Статус], [Дата закрытия], [Время проката]) VALUES (N'45462540/26.03.2022', NULL, CAST(N'2022-03-26' AS Date), CAST(N'16:00:00' AS Time), 45462540, N'Закрыта', CAST(N'2022-04-26' AS Date), N'480 минут')
INSERT [dbo].[Заказы] ([Код заказа], [Код сотрудника], [Дата создания], [Время заказа], [Код клиента], [Статус], [Дата закрытия], [Время проката]) VALUES (N'45462541/27.03.2022', NULL, CAST(N'2022-03-27' AS Date), CAST(N'17:00:00' AS Time), 45462541, N'Новая', NULL, N'240 минут')
INSERT [dbo].[Заказы] ([Код заказа], [Код сотрудника], [Дата создания], [Время заказа], [Код клиента], [Статус], [Дата закрытия], [Время проката]) VALUES (N'45462542/28.03.2022', NULL, CAST(N'2022-03-28' AS Date), CAST(N'18:00:00' AS Time), 45462542, N'В прокате', NULL, N'360 минут')
INSERT [dbo].[Заказы] ([Код заказа], [Код сотрудника], [Дата создания], [Время заказа], [Код клиента], [Статус], [Дата закрытия], [Время проката]) VALUES (N'45462543/29.03.2022', NULL, CAST(N'2022-03-29' AS Date), CAST(N'19:00:00' AS Time), 45462543, N'В прокате', NULL, N'720 минут')
INSERT [dbo].[Заказы] ([Код заказа], [Код сотрудника], [Дата создания], [Время заказа], [Код клиента], [Статус], [Дата закрытия], [Время проката]) VALUES (N'45462544/30.03.2022', NULL, CAST(N'2022-03-30' AS Date), CAST(N'12:30:00' AS Time), 45462544, N'Новая', NULL, N'120 минут')
INSERT [dbo].[Заказы] ([Код заказа], [Код сотрудника], [Дата создания], [Время заказа], [Код клиента], [Статус], [Дата закрытия], [Время проката]) VALUES (N'45462545/31.03.2022', NULL, CAST(N'2022-03-31' AS Date), CAST(N'13:30:00' AS Time), 45462545, N'Новая', NULL, N'600 минут')
INSERT [dbo].[Заказы] ([Код заказа], [Код сотрудника], [Дата создания], [Время заказа], [Код клиента], [Статус], [Дата закрытия], [Время проката]) VALUES (N'45462546/01.04.2022', NULL, CAST(N'2022-04-01' AS Date), CAST(N'14:30:00' AS Time), 45462546, N'Закрыта', CAST(N'2022-04-01' AS Date), N'120 минут')
INSERT [dbo].[Заказы] ([Код заказа], [Код сотрудника], [Дата создания], [Время заказа], [Код клиента], [Статус], [Дата закрытия], [Время проката]) VALUES (N'45462547/02.04.2022', NULL, CAST(N'2022-04-02' AS Date), CAST(N'15:30:00' AS Time), 45462547, N'Новая', NULL, N'600 минут')
INSERT [dbo].[Заказы] ([Код заказа], [Код сотрудника], [Дата создания], [Время заказа], [Код клиента], [Статус], [Дата закрытия], [Время проката]) VALUES (N'45462548/03.04.2022', NULL, CAST(N'2022-04-03' AS Date), CAST(N'16:30:00' AS Time), 45462548, N'Новая', NULL, N'320 минут')
INSERT [dbo].[Заказы] ([Код заказа], [Код сотрудника], [Дата создания], [Время заказа], [Код клиента], [Статус], [Дата закрытия], [Время проката]) VALUES (N'45462549/04.04.2022', NULL, CAST(N'2022-04-04' AS Date), CAST(N'17:30:00' AS Time), 45462549, N'В прокате', NULL, N'480 минут')
INSERT [dbo].[Заказы] ([Код заказа], [Код сотрудника], [Дата создания], [Время заказа], [Код клиента], [Статус], [Дата закрытия], [Время проката]) VALUES (N'45462550/05.04.2022', NULL, CAST(N'2022-04-05' AS Date), CAST(N'18:30:00' AS Time), 45462550, N'В прокате', NULL, N'240 минут')
INSERT [dbo].[Заказы] ([Код заказа], [Код сотрудника], [Дата создания], [Время заказа], [Код клиента], [Статус], [Дата закрытия], [Время проката]) VALUES (N'45462551/06.04.2022', NULL, CAST(N'2022-04-06' AS Date), CAST(N'15:30:00' AS Time), 45462551, N'В прокате', NULL, N'360 минут')
INSERT [dbo].[Заказы] ([Код заказа], [Код сотрудника], [Дата создания], [Время заказа], [Код клиента], [Статус], [Дата закрытия], [Время проката]) VALUES (N'45462552/07.04.2022', NULL, CAST(N'2022-04-07' AS Date), CAST(N'16:30:00' AS Time), 45462552, N'В прокате', NULL, N'720 минут')
INSERT [dbo].[Заказы] ([Код заказа], [Код сотрудника], [Дата создания], [Время заказа], [Код клиента], [Статус], [Дата закрытия], [Время проката]) VALUES (N'45462553/08.04.2022', NULL, CAST(N'2022-04-08' AS Date), CAST(N'17:30:00' AS Time), 45462553, N'Закрыта', CAST(N'2022-04-08' AS Date), N'120 минут')
INSERT [dbo].[Заказы] ([Код заказа], [Код сотрудника], [Дата создания], [Время заказа], [Код клиента], [Статус], [Дата закрытия], [Время проката]) VALUES (N'45462554/09.04.2022', NULL, CAST(N'2022-04-09' AS Date), CAST(N'18:30:00' AS Time), 45462554, N'Новая', NULL, N'600 минут')
INSERT [dbo].[Заказы] ([Код заказа], [Код сотрудника], [Дата создания], [Время заказа], [Код клиента], [Статус], [Дата закрытия], [Время проката]) VALUES (N'45462555/10.04.2022', NULL, CAST(N'2022-04-10' AS Date), CAST(N'19:30:00' AS Time), 45462555, N'В прокате', NULL, N'120 минут')
INSERT [dbo].[Заказы] ([Код заказа], [Код сотрудника], [Дата создания], [Время заказа], [Код клиента], [Статус], [Дата закрытия], [Время проката]) VALUES (N'45462556/11.04.2022', NULL, CAST(N'2022-04-11' AS Date), CAST(N'10:30:00' AS Time), 45462556, N'В прокате', NULL, N'600 минут')
INSERT [dbo].[Заказы] ([Код заказа], [Код сотрудника], [Дата создания], [Время заказа], [Код клиента], [Статус], [Дата закрытия], [Время проката]) VALUES (N'45462557/12.04.2022', NULL, CAST(N'2022-04-12' AS Date), CAST(N'11:30:00' AS Time), 45462557, N'Новая', NULL, N'320 минут')
INSERT [dbo].[Заказы] ([Код заказа], [Код сотрудника], [Дата создания], [Время заказа], [Код клиента], [Статус], [Дата закрытия], [Время проката]) VALUES (N'45462558/13.04.2022', NULL, CAST(N'2022-04-13' AS Date), CAST(N'12:30:00' AS Time), 45462558, N'Новая', NULL, N'480 минут')
INSERT [dbo].[Заказы] ([Код заказа], [Код сотрудника], [Дата создания], [Время заказа], [Код клиента], [Статус], [Дата закрытия], [Время проката]) VALUES (N'45462559/14.04.2022', NULL, CAST(N'2022-04-14' AS Date), CAST(N'13:30:00' AS Time), 45462559, N'Новая', NULL, N'240 минут')
INSERT [dbo].[Заказы] ([Код заказа], [Код сотрудника], [Дата создания], [Время заказа], [Код клиента], [Статус], [Дата закрытия], [Время проката]) VALUES (N'45462560/15.04.2022', NULL, CAST(N'2022-04-15' AS Date), CAST(N'14:30:00' AS Time), 45462560, N'В прокате', NULL, N'360 минут')
INSERT [dbo].[Заказы] ([Код заказа], [Код сотрудника], [Дата создания], [Время заказа], [Код клиента], [Статус], [Дата закрытия], [Время проката]) VALUES (N'45462561/02.04.2022', NULL, CAST(N'2022-04-02' AS Date), CAST(N'15:30:00' AS Time), 45462561, N'В прокате', NULL, N'720 минут')
INSERT [dbo].[Заказы] ([Код заказа], [Код сотрудника], [Дата создания], [Время заказа], [Код клиента], [Статус], [Дата закрытия], [Время проката]) VALUES (N'45462562/03.04.2022', NULL, CAST(N'2022-04-03' AS Date), CAST(N'16:30:00' AS Time), 45462562, N'В прокате', NULL, N'120 минут')
INSERT [dbo].[Заказы] ([Код заказа], [Код сотрудника], [Дата создания], [Время заказа], [Код клиента], [Статус], [Дата закрытия], [Время проката]) VALUES (N'45462563/04.04.2022', NULL, CAST(N'2022-04-04' AS Date), CAST(N'17:30:00' AS Time), 45462563, N'Закрыта', CAST(N'2022-04-04' AS Date), N'600 минут')
INSERT [dbo].[Заказы] ([Код заказа], [Код сотрудника], [Дата создания], [Время заказа], [Код клиента], [Статус], [Дата закрытия], [Время проката]) VALUES (N'45462564/05.04.2022', NULL, CAST(N'2022-04-05' AS Date), CAST(N'10:15:00' AS Time), 45462564, N'В прокате', NULL, N'120 минут')
INSERT [dbo].[Заказы] ([Код заказа], [Код сотрудника], [Дата создания], [Время заказа], [Код клиента], [Статус], [Дата закрытия], [Время проката]) VALUES (N'45462565/06.04.2022', NULL, CAST(N'2022-04-06' AS Date), CAST(N'11:15:00' AS Time), 45462565, N'Новая', NULL, N'600 минут')
INSERT [dbo].[Заказы] ([Код заказа], [Код сотрудника], [Дата создания], [Время заказа], [Код клиента], [Статус], [Дата закрытия], [Время проката]) VALUES (N'45462566/07.04.2022', NULL, CAST(N'2022-04-07' AS Date), CAST(N'12:15:00' AS Time), 45462566, N'Закрыта', CAST(N'2022-04-07' AS Date), N'320 минут')
INSERT [dbo].[Заказы] ([Код заказа], [Код сотрудника], [Дата создания], [Время заказа], [Код клиента], [Статус], [Дата закрытия], [Время проката]) VALUES (N'45462567/08.04.2022', NULL, CAST(N'2022-04-08' AS Date), CAST(N'13:15:00' AS Time), 45462567, N'В прокате', NULL, N'480 минут')
INSERT [dbo].[Заказы] ([Код заказа], [Код сотрудника], [Дата создания], [Время заказа], [Код клиента], [Статус], [Дата закрытия], [Время проката]) VALUES (N'45462568/09.04.2022', NULL, CAST(N'2022-04-09' AS Date), CAST(N'14:15:00' AS Time), 45462568, N'В прокате', NULL, N'240 минут')
INSERT [dbo].[Заказы] ([Код заказа], [Код сотрудника], [Дата создания], [Время заказа], [Код клиента], [Статус], [Дата закрытия], [Время проката]) VALUES (N'45462569/01.04.2022', NULL, CAST(N'2022-04-01' AS Date), CAST(N'15:15:00' AS Time), 45462569, N'В прокате', NULL, N'360 минут')
INSERT [dbo].[Заказы] ([Код заказа], [Код сотрудника], [Дата создания], [Время заказа], [Код клиента], [Статус], [Дата закрытия], [Время проката]) VALUES (N'45462570/02.04.2022', NULL, CAST(N'2022-04-02' AS Date), CAST(N'16:15:00' AS Time), 45462570, N'В прокате', NULL, N'720 минут')
INSERT [dbo].[Заказы] ([Код заказа], [Код сотрудника], [Дата создания], [Время заказа], [Код клиента], [Статус], [Дата закрытия], [Время проката]) VALUES (N'45462571/03.04.2022', NULL, CAST(N'2022-04-03' AS Date), CAST(N'10:45:00' AS Time), 45462571, N'В прокате', NULL, N'480 минут')
INSERT [dbo].[Заказы] ([Код заказа], [Код сотрудника], [Дата создания], [Время заказа], [Код клиента], [Статус], [Дата закрытия], [Время проката]) VALUES (N'45462572/04.04.2022', NULL, CAST(N'2022-04-04' AS Date), CAST(N'11:45:00' AS Time), 45462572, N'Закрыта', CAST(N'2022-04-04' AS Date), N'320 минут')
INSERT [dbo].[Заказы] ([Код заказа], [Код сотрудника], [Дата создания], [Время заказа], [Код клиента], [Статус], [Дата закрытия], [Время проката]) VALUES (N'45462573/05.04.2022', NULL, CAST(N'2022-04-05' AS Date), CAST(N'12:45:00' AS Time), 45462573, N'Новая', NULL, N'480 минут')
INSERT [dbo].[Заказы] ([Код заказа], [Код сотрудника], [Дата создания], [Время заказа], [Код клиента], [Статус], [Дата закрытия], [Время проката]) VALUES (N'45462574/06.04.2022', NULL, CAST(N'2022-04-06' AS Date), CAST(N'13:45:00' AS Time), 45462574, N'Новая', NULL, N'240 минут')
INSERT [dbo].[Заказы] ([Код заказа], [Код сотрудника], [Дата создания], [Время заказа], [Код клиента], [Статус], [Дата закрытия], [Время проката]) VALUES (N'45462575/07.04.2022', NULL, CAST(N'2022-04-07' AS Date), CAST(N'14:45:00' AS Time), 45462575, N'Новая', NULL, N'360 минут')
GO
INSERT [dbo].[Клиенты] ([Код клиента], [ФИО], [Паспортные данные], [Дата рождения], [Адрес], [email], [password]) VALUES (45462526, N'Фролов Андрей Иванович', N'Серия 1180 Номер 176596', CAST(N'2001-07-14' AS Date), N'344288, г. Москва, ул. Чехова, 1, кв. 34', N'gohufreilagrau-3818@yopmail.com', N'cl12345')
INSERT [dbo].[Клиенты] ([Код клиента], [ФИО], [Паспортные данные], [Дата рождения], [Адрес], [email], [password]) VALUES (45462527, N'Николаев Даниил Всеволодович', N'Серия 2280 Номер 223523', CAST(N'2001-02-10' AS Date), N'614164, г. Москва, ул. Степная, 30, кв. 75', N'xawugosune-1385@yopmail.com', N'cl12346')
INSERT [dbo].[Клиенты] ([Код клиента], [ФИО], [Паспортные данные], [Дата рождения], [Адрес], [email], [password]) VALUES (45462528, N'Снегирев Макар Иванович', N'Серия 4560 Номер 354155', CAST(N'1998-05-21' AS Date), N'394242, г. Москва, ул. Коммунистическая, 43, кв. 57', N'satrahuddusei-4458@yopmail.com', N'cl12347')
INSERT [dbo].[Клиенты] ([Код клиента], [ФИО], [Паспортные данные], [Дата рождения], [Адрес], [email], [password]) VALUES (45462529, N'Иванов Иван Ильич', N'Серия 9120 Номер 554296', CAST(N'1998-10-01' AS Date), N'660540, г. Москва, ул. Солнечная, 25, кв. 78', N'boippaxeufrepra-7093@yopmail.com', N'cl12348')
INSERT [dbo].[Клиенты] ([Код клиента], [ФИО], [Паспортные данные], [Дата рождения], [Адрес], [email], [password]) VALUES (45462530, N'Филиппова Анна Глебовна', N'Серия 2367 Номер 558134', CAST(N'1976-05-31' AS Date), N'125837, г. Москва, ул. Шоссейная, 40, кв. 92', N'zapramaxesu-7741@yopmail.com', N'cl12349')
INSERT [dbo].[Клиенты] ([Код клиента], [ФИО], [Паспортные данные], [Дата рождения], [Адрес], [email], [password]) VALUES (45462531, N'Иванов Михаил Владимирович', N'Серия 7101 Номер 669343', CAST(N'1985-11-04' AS Date), N'125703, г. Москва, ул. Партизанская, 49, кв. 84', N'rouzecroummegre-3899@yopmail.com', N'cl12350')
INSERT [dbo].[Клиенты] ([Код клиента], [ФИО], [Паспортные данные], [Дата рождения], [Адрес], [email], [password]) VALUES (45462532, N'Власов Дмитрий Александрович', N'Серия 3455 Номер 719630', CAST(N'1998-08-17' AS Date), N'625283, г. Москва, ул. Победы, 46, кв. 7', N'ziyeuddocrabri-4748@yopmail.com', N'cl12351')
INSERT [dbo].[Клиенты] ([Код клиента], [ФИО], [Паспортные данные], [Дата рождения], [Адрес], [email], [password]) VALUES (45462533, N'Серова Екатерина Львовна', N'Серия 2377 Номер 871623', CAST(N'1984-10-24' AS Date), N'614611, г. Москва, ул. Молодежная, 50, кв. 78', N'ketameissoinnei-1951@yopmail.com', N'cl12352')
INSERT [dbo].[Клиенты] ([Код клиента], [ФИО], [Паспортные данные], [Дата рождения], [Адрес], [email], [password]) VALUES (45462534, N'Борисова Ирина Ивановна', N'Серия 8755 Номер 921148', CAST(N'1976-10-14' AS Date), N'454311, г. Москва, ул. Новая, 19, кв. 78', N'yipraubaponou-5849@yopmail.com', N'cl12353')
INSERT [dbo].[Клиенты] ([Код клиента], [ФИО], [Паспортные данные], [Дата рождения], [Адрес], [email], [password]) VALUES (45462535, N'Зайцев Никита Артёмович', N'Серия 4355 Номер 104594', CAST(N'1999-10-14' AS Date), N'660007, г. Москва, ул. Октябрьская, 19, кв. 42', N'crapedocouca-3572@yopmail.com', N'cl12354')
INSERT [dbo].[Клиенты] ([Код клиента], [ФИО], [Паспортные данные], [Дата рождения], [Адрес], [email], [password]) VALUES (45462536, N'Медведев Святослав Евгеньевич', N'Серия 2791 Номер 114390', CAST(N'1985-07-13' AS Date), N'603036, г. Москва, ул. Садовая, 4, кв. 13', N'ceigoixakaunni-9227@yopmail.com', N'cl12355')
INSERT [dbo].[Клиенты] ([Код клиента], [ФИО], [Паспортные данные], [Дата рождения], [Адрес], [email], [password]) VALUES (45462537, N'Коротков Кирилл Алексеевич', N'Серия 5582 Номер 126286', CAST(N'1976-05-26' AS Date), N'450983, г. Москва, ул. Комсомольская, 26, кв. 60', N'yeimmeiwauzomo-7054@yopmail.com', N'cl12356')
INSERT [dbo].[Клиенты] ([Код клиента], [ФИО], [Паспортные данные], [Дата рождения], [Адрес], [email], [password]) VALUES (45462538, N'Калашникова Арина Максимовна', N'Серия 2978 Номер 133653', CAST(N'1999-08-13' AS Date), N'394782, г. Москва, ул. Чехова, 3, кв. 14', N'poleifenevi-1560@yopmail.com', N'cl12357')
INSERT [dbo].[Клиенты] ([Код клиента], [ФИО], [Паспортные данные], [Дата рождения], [Адрес], [email], [password]) VALUES (45462539, N'Минина Таисия Кирилловна', N'Серия 7512 Номер 141956', CAST(N'1985-10-13' AS Date), N'603002, г. Москва, ул. Дзержинского, 28, кв. 56', N'kauprezofautei-6607@yopmail.com', N'cl12358')
INSERT [dbo].[Клиенты] ([Код клиента], [ФИО], [Паспортные данные], [Дата рождения], [Адрес], [email], [password]) VALUES (45462540, N'Наумов Серафим Романович', N'Серия 5046 Номер 158433', CAST(N'1999-04-15' AS Date), N'450558, г. Москва, ул. Набережная, 30, кв. 71', N'quaffaullelourei-1667@yopmail.com', N'cl12359')
INSERT [dbo].[Клиенты] ([Код клиента], [ФИО], [Паспортные данные], [Дата рождения], [Адрес], [email], [password]) VALUES (45462541, N'Воробьева Василиса Евгеньевна', N'Серия 2460 Номер 169505', CAST(N'1999-01-13' AS Date), N'394060, г. Москва, ул. Фрунзе, 43, кв. 79', N'jsteele@rojas-robinson.net', N'cl12360')
INSERT [dbo].[Клиенты] ([Код клиента], [ФИО], [Паспортные данные], [Дата рождения], [Адрес], [email], [password]) VALUES (45462542, N'Калинин Александр Андреевич', N'Серия 3412 Номер 174593', CAST(N'1999-01-07' AS Date), N'410661, г. Москва, ул. Школьная, 50, кв. 53', N'vhopkins@lewis-mullen.com', N'cl12361')
INSERT [dbo].[Клиенты] ([Код клиента], [ФИО], [Паспортные данные], [Дата рождения], [Адрес], [email], [password]) VALUES (45462543, N'Кузнецова Милана Владиславовна', N'Серия 4950 Номер 183034', CAST(N'1999-01-24' AS Date), N'625590, г. Москва, ул. Коммунистическая, 20, кв. 34', N'nlewis@yahoo.com', N'cl12362')
INSERT [dbo].[Клиенты] ([Код клиента], [ФИО], [Паспортные данные], [Дата рождения], [Адрес], [email], [password]) VALUES (45462544, N'Фирсов Егор Романович', N'Серия 5829 Номер 219464', CAST(N'1993-09-02' AS Date), N'625683, г. Москва, ул. 8 Марта, 20, кв. 21', N'garciadavid@mckinney-mcbride.com', N'cl12363')
INSERT [dbo].[Клиенты] ([Код клиента], [ФИО], [Паспортные данные], [Дата рождения], [Адрес], [email], [password]) VALUES (45462545, N'Зимина Агния Александровна', N'Серия 6443 Номер 208059', CAST(N'1998-09-03' AS Date), N'400562, г. Москва, ул. Зеленая, 32, кв. 67', N'cbradley@castro.com', N'cl12364')
INSERT [dbo].[Клиенты] ([Код клиента], [ФИО], [Паспортные данные], [Дата рождения], [Адрес], [email], [password]) VALUES (45462546, N'Титов Андрей Глебович', N'Серия 7079 Номер 213265', CAST(N'1985-10-23' AS Date), N'614510, г. Москва, ул. Маяковского, 47, кв. 72', N'cuevascatherine@carlson.biz', N'cl12365')
INSERT [dbo].[Клиенты] ([Код клиента], [ФИО], [Паспортные данные], [Дата рождения], [Адрес], [email], [password]) VALUES (45462547, N'Орлов Николай Егорович', N'Серия 8207 Номер 522702', CAST(N'1985-07-27' AS Date), N'410542, г. Москва, ул. Светлая, 46, кв. 82', N'thomasmoore@wilson-singh.net', N'cl12366')
INSERT [dbo].[Клиенты] ([Код клиента], [ФИО], [Паспортные данные], [Дата рождения], [Адрес], [email], [password]) VALUES (45462548, N'Кузнецова Аиша Михайловна', N'Серия 9307 Номер 232158', CAST(N'1998-10-04' AS Date), N'620839, г. Москва, ул. Цветочная, 8, кв. 100', N'jessica84@hotmail.com', N'cl12367')
INSERT [dbo].[Клиенты] ([Код клиента], [ФИО], [Паспортные данные], [Дата рождения], [Адрес], [email], [password]) VALUES (45462549, N'Куликов Никита Георгиевич', N'Серия 1357 Номер 242839', CAST(N'1999-04-23' AS Date), N'443890, г. Москва, ул. Коммунистическая, 1, кв. 10', N'jessicapark@hotmail.com', N'cl12368')
INSERT [dbo].[Клиенты] ([Код клиента], [ФИО], [Паспортные данные], [Дата рождения], [Адрес], [email], [password]) VALUES (45462550, N'Карпова София Егоровна', N'Серия 1167 Номер 256636', CAST(N'1993-10-01' AS Date), N'603379, г. Москва, ул. Спортивная, 46, кв. 95', N'ginaritter@schneider-buchanan.com', N'cl12369')
INSERT [dbo].[Клиенты] ([Код клиента], [ФИО], [Паспортные данные], [Дата рождения], [Адрес], [email], [password]) VALUES (45462551, N'Смирнова Дарья Макаровна', N'Серия 1768 Номер 266986', CAST(N'1976-03-22' AS Date), N'603721, г. Москва, ул. Гоголя, 41, кв. 57', N'stephen99@yahoo.com', N'cl12370')
INSERT [dbo].[Клиенты] ([Код клиента], [ФИО], [Паспортные данные], [Дата рождения], [Адрес], [email], [password]) VALUES (45462552, N'Абрамова Александра Мироновна', N'Серия 1710 Номер 427875', CAST(N'1999-03-26' AS Date), N'410172, г. Москва, ул. Северная, 13, кв. 86', N'lopezlisa@hotmail.com', N'cl12371')
INSERT [dbo].[Клиенты] ([Код клиента], [ФИО], [Паспортные данные], [Дата рождения], [Адрес], [email], [password]) VALUES (45462553, N'Наумов Руслан Михайлович', N'Серия 1806 Номер 289145', CAST(N'1999-10-11' AS Date), N'420151, г. Москва, ул. Вишневая, 32, кв. 81', N'lori17@hotmail.com', N'cl12372')
INSERT [dbo].[Клиенты] ([Код клиента], [ФИО], [Паспортные данные], [Дата рождения], [Адрес], [email], [password]) VALUES (45462554, N'Бочаров Никита Матвеевич', N'Серия 1587 Номер 291249', CAST(N'1997-06-29' AS Date), N'125061, г. Москва, ул. Подгорная, 8, кв. 74', N'campbellkevin@gardner.com', N'cl12373')
INSERT [dbo].[Клиенты] ([Код клиента], [ФИО], [Паспортные данные], [Дата рождения], [Адрес], [email], [password]) VALUES (45462555, N'Соловьев Давид Ильич', N'Серия 1647 Номер 306372', CAST(N'1984-03-06' AS Date), N'630370, г. Москва, ул. Шоссейная, 24, кв. 81', N'morganhoward@clark.com', N'cl12374')
INSERT [dbo].[Клиенты] ([Код клиента], [ФИО], [Паспортные данные], [Дата рождения], [Адрес], [email], [password]) VALUES (45462556, N'Васильева Валерия Дмитриевна', N'Серия 1742 Номер 316556', CAST(N'1999-09-30' AS Date), N'614753, г. Москва, ул. Полевая, 35, кв. 39', N'carsontamara@gmail.com', N'cl12375')
INSERT [dbo].[Клиенты] ([Код клиента], [ФИО], [Паспортные данные], [Дата рождения], [Адрес], [email], [password]) VALUES (45462557, N'Макарова Василиса Андреевна', N'Серия 1474 Номер 326347', CAST(N'1999-04-08' AS Date), N'426030, г. Москва, ул. Маяковского, 44, кв. 93', N'kevinpatel@gmail.com', N'cl12376')
INSERT [dbo].[Клиенты] ([Код клиента], [ФИО], [Паспортные данные], [Дата рождения], [Адрес], [email], [password]) VALUES (45462558, N'Алексеев Матвей Викторович', N'Серия 1452 Номер 339539', CAST(N'1998-08-02' AS Date), N'450375, г. Москва, ул. Клубная, 44, кв. 80', N'sethbishop@yahoo.com', N'cl12377')
INSERT [dbo].[Клиенты] ([Код клиента], [ФИО], [Паспортные данные], [Дата рождения], [Адрес], [email], [password]) VALUES (45462559, N'Никитина Полина Александровна', N'Серия 2077 Номер 443480', CAST(N'1976-09-19' AS Date), N'625560, г. Москва, ул. Некрасова, 12, кв. 66', N'drollins@schultz-soto.net', N'cl12378')
INSERT [dbo].[Клиенты] ([Код клиента], [ФИО], [Паспортные данные], [Дата рождения], [Адрес], [email], [password]) VALUES (45462560, N'Окулова Олеся Алексеевна', N'Серия 2147 Номер 357518', CAST(N'1999-04-03' AS Date), N'630201, г. Москва, ул. Комсомольская, 17, кв. 25', N'pblack@copeland-winters.org', N'cl12379')
INSERT [dbo].[Клиенты] ([Код клиента], [ФИО], [Паспортные данные], [Дата рождения], [Адрес], [email], [password]) VALUES (45462561, N'Захарова Полина Яновна', N'Серия 2687 Номер 363884', CAST(N'1976-04-21' AS Date), N'190949, г. Москва, ул. Мичурина, 26, кв. 93', N'johnathon.oberbrunner@yahoo.com', N'cl12380')
INSERT [dbo].[Клиенты] ([Код клиента], [ФИО], [Паспортные данные], [Дата рождения], [Адрес], [email], [password]) VALUES (45462562, N'Зайцев Владимир Давидович', N'Серия 2376 Номер 443711', CAST(N'1998-01-26' AS Date), N'350501, г. Москва, ул. Парковая, 2, кв. 7', N'bradly29@gmail.com', N'cl12381')
INSERT [dbo].[Клиенты] ([Код клиента], [ФИО], [Паспортные данные], [Дата рождения], [Адрес], [email], [password]) VALUES (45462563, N'Иванов Виталий Даниилович', N'Серия 2568 Номер 386237', CAST(N'1976-08-11' AS Date), N'450048, г. Москва, ул. Коммунистическая, 21, кв. 3', N'stark.cristina@hilpert.biz', N'cl12382')
INSERT [dbo].[Клиенты] ([Код клиента], [ФИО], [Паспортные данные], [Дата рождения], [Адрес], [email], [password]) VALUES (45462564, N'Захаров Матвей Романович', N'Серия 2556 Номер 439376', CAST(N'1993-07-12' AS Date), N'644921, г. Москва, ул. Школьная, 46, кв. 37', N'bruen.eleanore@yahoo.com', N'cl12383')
INSERT [dbo].[Клиенты] ([Код клиента], [ФИО], [Паспортные данные], [Дата рождения], [Адрес], [email], [password]) VALUES (45462565, N'Иванов Степан Степанович', N'Серия 2737 Номер 407501', CAST(N'1998-09-19' AS Date), N'614228, г. Москва, ул. Дорожная, 36, кв. 54', N'percival.halvorson@yahoo.com', N'cl12384')
INSERT [dbo].[Клиенты] ([Код клиента], [ФИО], [Паспортные данные], [Дата рождения], [Адрес], [email], [password]) VALUES (45462566, N'Ткачева Милана Тимуровна', N'Серия 2581 Номер 441645', CAST(N'1998-05-24' AS Date), N'350940, г. Москва, ул. Первомайская, 23, кв. 2', N'javonte71@kuhlman.biz', N'cl12385')
INSERT [dbo].[Клиенты] ([Код клиента], [ФИО], [Паспортные данные], [Дата рождения], [Адрес], [email], [password]) VALUES (45462567, N'Семенов Даниил Иванович', N'Серия 2675 Номер 427933', CAST(N'1976-01-04' AS Date), N'344990, г. Москва, ул. Красноармейская, 19, кв. 92', N'vconnelly@kautzer.com', N'cl12386')
INSERT [dbo].[Клиенты] ([Код клиента], [ФИО], [Паспортные данные], [Дата рождения], [Адрес], [email], [password]) VALUES (45462568, N'Виноградов Вячеслав Дмитриевич', N'Серия 2967 Номер 434531', CAST(N'1976-07-12' AS Date), N'410248, г. Москва, ул. Чкалова, 11, кв. 75', N'anabelle07@schultz.info', N'cl12387')
INSERT [dbo].[Клиенты] ([Код клиента], [ФИО], [Паспортные данные], [Дата рождения], [Адрес], [email], [password]) VALUES (45462569, N'Соболева Николь Фёдоровна', N'Серия 3070 Номер 449655', CAST(N'1976-05-02' AS Date), N'400839, г. Москва, ул. 8 Марта, 46, кв. 44', N'nitzsche.katlynn@yahoo.com', N'cl12388')
INSERT [dbo].[Клиенты] ([Код клиента], [ФИО], [Паспортные данные], [Дата рождения], [Адрес], [email], [password]) VALUES (45462570, N'Тихонова Анна Львовна', N'Серия 3108 Номер 451174', CAST(N'1985-03-23' AS Date), N'450539, г. Москва, ул. Заводская, 3, кв. 81', N'corine16@von.com', N'cl12389')
INSERT [dbo].[Клиенты] ([Код клиента], [ФИО], [Паспортные данные], [Дата рождения], [Адрес], [email], [password]) VALUES (45462571, N'Кузнецова Ульяна Савельевна', N'Серия 3250 Номер 464705', CAST(N'1999-06-03' AS Date), N'614591, г. Москва, ул. Цветочная, 20, кв. 40', N'otha.wisozk@lubowitz.org', N'cl12390')
INSERT [dbo].[Клиенты] ([Код клиента], [ФИО], [Паспортные данные], [Дата рождения], [Адрес], [email], [password]) VALUES (45462572, N'Смирнова Анна Германовна', N'Серия 3392 Номер 471644', CAST(N'1997-07-18' AS Date), N'400260, г. Москва, ул. Больничная, 30, кв. 53', N'may.kirlin@hotmail.com', N'cl12391')
INSERT [dbo].[Клиенты] ([Код клиента], [ФИО], [Паспортные данные], [Дата рождения], [Адрес], [email], [password]) VALUES (45462573, N'Черепанова Анна Давидовна', N'Серия 3497 Номер 487819', CAST(N'1985-11-06' AS Date), N'660924, г. Москва, ул. Молодежная, 32, кв. 59', N'bryana.kautzer@yahoo.com', N'cl12392')
INSERT [dbo].[Клиенты] ([Код клиента], [ФИО], [Паспортные данные], [Дата рождения], [Адрес], [email], [password]) VALUES (45462574, N'Григорьев Максим Кириллович', N'Серия 3560 Номер 491260', CAST(N'1999-05-26' AS Date), N'644133, г. Москва, ул. Гагарина, 28, кв. 69', N'deborah.christiansen@quigley.biz', N'cl12393')
INSERT [dbo].[Клиенты] ([Код клиента], [ФИО], [Паспортные данные], [Дата рождения], [Адрес], [email], [password]) VALUES (45462575, N'Голубев Даниэль Александрович', N'Серия 3620 Номер 506034', CAST(N'1999-06-14' AS Date), N'450698, г. Москва, ул. Вокзальная, 14, кв. 37', N'connelly.makayla@yahoo.com', N'cl12394')
INSERT [dbo].[Клиенты] ([Код клиента], [ФИО], [Паспортные данные], [Дата рождения], [Адрес], [email], [password]) VALUES (45462576, N'Миронов Юрий Денисович', N'Серия 3774 Номер 511438', CAST(N'1985-01-26' AS Date), N'620653, г. Москва, ул. Западная, 15, кв. 25', N'tatum.collins@fay.org', N'cl12395')
INSERT [dbo].[Клиенты] ([Код клиента], [ФИО], [Паспортные данные], [Дата рождения], [Адрес], [email], [password]) VALUES (45462577, N'Терехов Михаил Андреевич', N'Серия 3862 Номер 521377', CAST(N'1976-07-06' AS Date), N'644321, г. Москва, ул. Клубная, 32, кв. 10', N'itzel73@anderson.com', N'cl12396')
INSERT [dbo].[Клиенты] ([Код клиента], [ФИО], [Паспортные данные], [Дата рождения], [Адрес], [email], [password]) VALUES (45462578, N'Орлова Алиса Михайловна', N'Серия 3084 Номер 535966', CAST(N'1997-02-24' AS Date), N'603653, г. Москва, ул. Молодежная, 2, кв. 45', N'arjun39@hotmail.com', N'cl12397')
INSERT [dbo].[Клиенты] ([Код клиента], [ФИО], [Паспортные данные], [Дата рождения], [Адрес], [email], [password]) VALUES (45462579, N'Кулаков Константин Даниилович', N'Серия 4021 Номер 541528', CAST(N'1993-06-20' AS Date), N'410181, г. Москва, ул. Механизаторов, 16, кв. 74', N'ohara.rebeka@yahoo.com', N'cl12398')
INSERT [dbo].[Клиенты] ([Код клиента], [ФИО], [Паспортные данные], [Дата рождения], [Адрес], [email], [password]) VALUES (45462580, N'Кудрявцев Максим Романович', N'Серия 4109 Номер 554053', CAST(N'1998-05-10' AS Date), N'394207, г. Москва, ул. Свердлова, 31, кв. 28', N'danika58@rath.com', N'cl12399')
INSERT [dbo].[Клиенты] ([Код клиента], [ФИО], [Паспортные данные], [Дата рождения], [Адрес], [email], [password]) VALUES (45462581, N'Соболева Кира Фёдоровна', N'Серия 4537 Номер 564868', CAST(N'1998-03-14' AS Date), N'420633, г. Москва, ул. Матросова, 18, кв. 41', N'janae.bogan@gmail.com', N'cl12400')
INSERT [dbo].[Клиенты] ([Код клиента], [ФИО], [Паспортные данные], [Дата рождения], [Адрес], [email], [password]) VALUES (45462582, N'Коновалов Арсений Максимович', N'Серия 4914 Номер 572471', CAST(N'1985-02-18' AS Date), N'445720, г. Москва, ул. Матросова, 50, кв. 67', N'vern91@yahoo.com', N'cl12401')
INSERT [dbo].[Клиенты] ([Код клиента], [ФИО], [Паспортные данные], [Дата рождения], [Адрес], [email], [password]) VALUES (45462583, N'Гусев Михаил Дмитриевич', N'Серия 4445 Номер 581302', CAST(N'1999-11-23' AS Date), N'400646, г. Москва, ул. Октябрьская, 47, кв. 65', N'mariana.leannon@larkin.net', N'cl12402')
INSERT [dbo].[Клиенты] ([Код клиента], [ФИО], [Паспортные данные], [Дата рождения], [Адрес], [email], [password]) VALUES (45462584, N'Суханова Варвара Матвеевна', N'Серия 4743 Номер 598180', CAST(N'1993-09-13' AS Date), N'644410, г. Москва, ул. Красная, 17, кв. 69', N'vmoore@gmail.com', N'cl12403')
INSERT [dbo].[Клиенты] ([Код клиента], [ФИО], [Паспортные данные], [Дата рождения], [Адрес], [email], [password]) VALUES (45462585, N'Орлова Ясмина Васильевна', N'Серия 4741 Номер 601821', CAST(N'1984-06-24' AS Date), N'400750, г. Москва, ул. Школьная, 36, кв. 71', N'damon.mcclure@mills.com', N'cl12404')
INSERT [dbo].[Клиенты] ([Код клиента], [ФИО], [Паспортные данные], [Дата рождения], [Адрес], [email], [password]) VALUES (45462586, N'Васильева Ксения Константиновна', N'Серия 4783 Номер 612567', CAST(N'1999-08-01' AS Date), N'660590, г. Москва, ул. Дачная, 37, кв. 70', N'grady.reilly@block.com', N'cl12405')
INSERT [dbo].[Клиенты] ([Код клиента], [ФИО], [Паспортные данные], [Дата рождения], [Адрес], [email], [password]) VALUES (45462587, N'Борисова Тамара Данииловна', N'Серия 4658 Номер 621200', CAST(N'1993-05-29' AS Date), N'426083, г. Москва, ул. Механизаторов, 41, кв. 26', N'boyd.koss@yahoo.com', N'cl12406')
INSERT [dbo].[Клиенты] ([Код клиента], [ФИО], [Паспортные данные], [Дата рождения], [Адрес], [email], [password]) VALUES (45462588, N'Дмитриев Мирон Ильич', N'Серия 4908 Номер 634613', CAST(N'1985-04-13' AS Date), N'410569, г. Москва, ул. Парковая, 36, кв. 17', N'obartell@franecki.info', N'cl12407')
INSERT [dbo].[Клиенты] ([Код клиента], [ФИО], [Паспортные данные], [Дата рождения], [Адрес], [email], [password]) VALUES (45462589, N'Лебедева Анна Александровна', N'Серия 5092 Номер 642468', CAST(N'1985-03-30' AS Date), N'443375, г. Москва, ул. Дзержинского, 50, кв. 95', N'reina75@ferry.net', N'cl12408')
INSERT [dbo].[Клиенты] ([Код клиента], [ФИО], [Паспортные данные], [Дата рождения], [Адрес], [email], [password]) VALUES (45462590, N'Пономарев Артём Маркович', N'Серия 5155 Номер 465274', CAST(N'1984-06-02' AS Date), N'614316, г. Москва, ул. Первомайская, 48, кв. 31', N'karson28@hotmail.com', N'cl12409')
INSERT [dbo].[Клиенты] ([Код клиента], [ФИО], [Паспортные данные], [Дата рождения], [Адрес], [email], [password]) VALUES (45462591, N'Борисова Елена Михайловна', N'Серия 5086 Номер 666893', CAST(N'1976-05-23' AS Date), N'445685, г. Москва, ул. Зеленая, 7, кв. 47', N'damaris61@okon.com', N'cl12410')
INSERT [dbo].[Клиенты] ([Код клиента], [ФИО], [Паспортные данные], [Дата рождения], [Адрес], [email], [password]) VALUES (45462592, N'Моисеев Камиль Максимович', N'Серия 5333 Номер 675375', CAST(N'1999-06-17' AS Date), N'614505, г. Москва, ул. Нагорная, 37, кв. 31', N'carroll.jerod@hotmail.com', N'cl12411')
INSERT [dbo].[Клиенты] ([Код клиента], [ФИО], [Паспортные данные], [Дата рождения], [Адрес], [email], [password]) VALUES (45462593, N'Герасимова Дарья Константиновна', N'Серия 5493 Номер 684572', CAST(N'1984-10-13' AS Date), N'426629, г. Москва, ул. Весенняя, 32, кв. 46', N'ron.treutel@quitzon.com', N'cl12412')
INSERT [dbo].[Клиенты] ([Код клиента], [ФИО], [Паспортные данные], [Дата рождения], [Адрес], [email], [password]) VALUES (45462594, N'Михайлова Мария Марковна', N'Серия 5150 Номер 696226', CAST(N'1976-12-02' AS Date), N'603743, г. Москва, ул. Матросова, 19, кв. 20', N'olen79@yahoo.com', N'cl12413')
INSERT [dbo].[Клиенты] ([Код клиента], [ФИО], [Паспортные данные], [Дата рождения], [Адрес], [email], [password]) VALUES (45462595, N'Коршунов Кирилл Максимович', N'Серия 1308 Номер 703305', CAST(N'1985-05-22' AS Date), N'450750, г. Москва, ул. Клубная, 23, кв. 90', N'pacocha.robbie@yahoo.com', N'cl12414')
GO
INSERT [dbo].[Сотрудники] ([Код сотрудника], [Должность], [ФИО], [Логин], [Пароль], [Последний вход], [Тип входа]) VALUES (101, N'Продавец', N'Иванов Иван Иванович', N'Ivanov@namecomp.ru', N'2L6KZG', N'15:05:2022 13:13:00', N'Успешно')
INSERT [dbo].[Сотрудники] ([Код сотрудника], [Должность], [ФИО], [Логин], [Пароль], [Последний вход], [Тип входа]) VALUES (102, N'Продавец', N'Петров Петр Петрович', N'petrov@namecomp.ru', N'uzWC67', N'15:05:2022 13:13:00', N'Успешно')
INSERT [dbo].[Сотрудники] ([Код сотрудника], [Должность], [ФИО], [Логин], [Пароль], [Последний вход], [Тип входа]) VALUES (103, N'Администратор', N'Федоров Федор Федорович', N'fedorov@namecomp.ru', N'8ntwUp', N'15:05:2022 13:13:00', N'Успешно')
INSERT [dbo].[Сотрудники] ([Код сотрудника], [Должность], [ФИО], [Логин], [Пароль], [Последний вход], [Тип входа]) VALUES (104, N'Старший смены', N'Миронов Вениамин Куприянович', N'mironov@namecomp.ru', N'YOyhfR', N'15:05:2022 13:13:00', N'Успешно')
INSERT [dbo].[Сотрудники] ([Код сотрудника], [Должность], [ФИО], [Логин], [Пароль], [Последний вход], [Тип входа]) VALUES (105, N'Старший смены', N'Ширяев Ермолай Вениаминович', N'shiryev@namecomp.ru', N'RSbvHv', N'15:05:2022 13:13:00', N'Неуспешно')
INSERT [dbo].[Сотрудники] ([Код сотрудника], [Должность], [ФИО], [Логин], [Пароль], [Последний вход], [Тип входа]) VALUES (106, N'Старший смены', N'Игнатов Кассиан Васильевич', N'ignatov@namecomp.ru', N'rwVDh9', N'15:05:2022 13:13:00', N'Успешно')
INSERT [dbo].[Сотрудники] ([Код сотрудника], [Должность], [ФИО], [Логин], [Пароль], [Последний вход], [Тип входа]) VALUES (107, N'Продавец', N'Хохлов Владимир Мэлсович', N'hohlov@namecomp.ru', N'LdNyos', N'15:05:2022 13:13:00', N'Успешно')
INSERT [dbo].[Сотрудники] ([Код сотрудника], [Должность], [ФИО], [Логин], [Пароль], [Последний вход], [Тип входа]) VALUES (108, N'Продавец', N'Стрелков Мстислав Георгьевич', N'strelkov@namecomp.ru', N'gynQMT', N'15:05:2022 13:13:00', N'Неуспешно')
INSERT [dbo].[Сотрудники] ([Код сотрудника], [Должность], [ФИО], [Логин], [Пароль], [Последний вход], [Тип входа]) VALUES (109, N'Продавец', N'Беляева Лилия Наумовна', N'belyeva@@namecomp.ru', N'AtnDjr', N'15:05:2022 13:13:00', N'Успешно')
INSERT [dbo].[Сотрудники] ([Код сотрудника], [Должность], [ФИО], [Логин], [Пароль], [Последний вход], [Тип входа]) VALUES (110, N'Продавец', N'Смирнова Ульяна Гордеевна', N'smirnova@@namecomp.ru', N'JlFRCZ', N'15:05:2022 13:13:00', N'Успешно')
GO
INSERT [dbo].[Список услуг] ([ID], [Код заказа], [Код услуги]) VALUES (1, N'45462526/12.03.2022', 34)
INSERT [dbo].[Список услуг] ([ID], [Код заказа], [Код услуги]) VALUES (2, N'45462526/12.03.2022', 31)
INSERT [dbo].[Список услуг] ([ID], [Код заказа], [Код услуги]) VALUES (3, N'45462526/12.03.2022', 353)
INSERT [dbo].[Список услуг] ([ID], [Код заказа], [Код услуги]) VALUES (4, N'45462526/12.03.2022', 336)
INSERT [dbo].[Список услуг] ([ID], [Код заказа], [Код услуги]) VALUES (5, N'45462527/13.03.2022', 98)
INSERT [dbo].[Список услуг] ([ID], [Код заказа], [Код услуги]) VALUES (6, N'45462527/13.03.2022', 45)
INSERT [dbo].[Список услуг] ([ID], [Код заказа], [Код услуги]) VALUES (7, N'45462527/13.03.2022', 89)
INSERT [dbo].[Список услуг] ([ID], [Код заказа], [Код услуги]) VALUES (8, N'45462527/13.03.2022', 123)
INSERT [dbo].[Список услуг] ([ID], [Код заказа], [Код услуги]) VALUES (9, N'45462528/14.03.2022', 92)
INSERT [dbo].[Список услуг] ([ID], [Код заказа], [Код услуги]) VALUES (10, N'45462528/14.03.2022', 45)
INSERT [dbo].[Список услуг] ([ID], [Код заказа], [Код услуги]) VALUES (11, N'45462528/14.03.2022', 57)
INSERT [dbo].[Список услуг] ([ID], [Код заказа], [Код услуги]) VALUES (12, N'45462528/14.03.2022', 88)
INSERT [dbo].[Список услуг] ([ID], [Код заказа], [Код услуги]) VALUES (13, N'45462529/15.03.2022', 92)
INSERT [dbo].[Список услуг] ([ID], [Код заказа], [Код услуги]) VALUES (14, N'45462529/15.03.2022', 45)
INSERT [dbo].[Список услуг] ([ID], [Код заказа], [Код услуги]) VALUES (15, N'45462529/15.03.2022', 57)
INSERT [dbo].[Список услуг] ([ID], [Код заказа], [Код услуги]) VALUES (16, N'45462529/15.03.2022', 88)
INSERT [dbo].[Список услуг] ([ID], [Код заказа], [Код услуги]) VALUES (17, N'45462529/15.03.2022', 44)
INSERT [dbo].[Список услуг] ([ID], [Код заказа], [Код услуги]) VALUES (18, N'45462530/16.03.2022', 98)
INSERT [dbo].[Список услуг] ([ID], [Код заказа], [Код услуги]) VALUES (19, N'45462530/16.03.2022', 45)
INSERT [dbo].[Список услуг] ([ID], [Код заказа], [Код услуги]) VALUES (20, N'45462530/16.03.2022', 89)
INSERT [dbo].[Список услуг] ([ID], [Код заказа], [Код услуги]) VALUES (21, N'45462530/16.03.2022', 353)
INSERT [dbo].[Список услуг] ([ID], [Код заказа], [Код услуги]) VALUES (22, N'45462530/16.03.2022', 336)
INSERT [dbo].[Список услуг] ([ID], [Код заказа], [Код услуги]) VALUES (23, N'45462530/16.03.2022', 34)
INSERT [dbo].[Список услуг] ([ID], [Код заказа], [Код услуги]) VALUES (24, N'45462531/17.03.2022', 34)
INSERT [dbo].[Список услуг] ([ID], [Код заказа], [Код услуги]) VALUES (25, N'45462531/17.03.2022', 31)
INSERT [dbo].[Список услуг] ([ID], [Код заказа], [Код услуги]) VALUES (26, N'45462531/17.03.2022', 353)
INSERT [dbo].[Список услуг] ([ID], [Код заказа], [Код услуги]) VALUES (27, N'45462532/18.03.2022', 98)
INSERT [dbo].[Список услуг] ([ID], [Код заказа], [Код услуги]) VALUES (28, N'45462532/18.03.2022', 45)
INSERT [dbo].[Список услуг] ([ID], [Код заказа], [Код услуги]) VALUES (29, N'45462532/18.03.2022', 89)
INSERT [dbo].[Список услуг] ([ID], [Код заказа], [Код услуги]) VALUES (30, N'45462533/19.03.2022', 92)
INSERT [dbo].[Список услуг] ([ID], [Код заказа], [Код услуги]) VALUES (31, N'45462533/19.03.2022', 45)
INSERT [dbo].[Список услуг] ([ID], [Код заказа], [Код услуги]) VALUES (32, N'45462533/19.03.2022', 57)
INSERT [dbo].[Список услуг] ([ID], [Код заказа], [Код услуги]) VALUES (33, N'45462533/19.03.2022', 89)
INSERT [dbo].[Список услуг] ([ID], [Код заказа], [Код услуги]) VALUES (34, N'45462534/20.03.2022', 92)
INSERT [dbo].[Список услуг] ([ID], [Код заказа], [Код услуги]) VALUES (35, N'45462534/20.03.2022', 45)
INSERT [dbo].[Список услуг] ([ID], [Код заказа], [Код услуги]) VALUES (36, N'45462534/20.03.2022', 57)
INSERT [dbo].[Список услуг] ([ID], [Код заказа], [Код услуги]) VALUES (37, N'45462534/20.03.2022', 88)
INSERT [dbo].[Список услуг] ([ID], [Код заказа], [Код услуги]) VALUES (38, N'45462535/21.03.2022', 98)
INSERT [dbo].[Список услуг] ([ID], [Код заказа], [Код услуги]) VALUES (39, N'45462535/21.03.2022', 45)
INSERT [dbo].[Список услуг] ([ID], [Код заказа], [Код услуги]) VALUES (40, N'45462535/21.03.2022', 89)
INSERT [dbo].[Список услуг] ([ID], [Код заказа], [Код услуги]) VALUES (41, N'45462535/21.03.2022', 353)
INSERT [dbo].[Список услуг] ([ID], [Код заказа], [Код услуги]) VALUES (42, N'45462535/21.03.2022', 336)
INSERT [dbo].[Список услуг] ([ID], [Код заказа], [Код услуги]) VALUES (43, N'45462536/22.03.2022', 34)
INSERT [dbo].[Список услуг] ([ID], [Код заказа], [Код услуги]) VALUES (44, N'45462536/22.03.2022', 31)
INSERT [dbo].[Список услуг] ([ID], [Код заказа], [Код услуги]) VALUES (45, N'45462536/22.03.2022', 353)
INSERT [dbo].[Список услуг] ([ID], [Код заказа], [Код услуги]) VALUES (46, N'45462537/23.03.2022', 98)
INSERT [dbo].[Список услуг] ([ID], [Код заказа], [Код услуги]) VALUES (47, N'45462537/23.03.2022', 45)
INSERT [dbo].[Список услуг] ([ID], [Код заказа], [Код услуги]) VALUES (48, N'45462537/23.03.2022', 89)
INSERT [dbo].[Список услуг] ([ID], [Код заказа], [Код услуги]) VALUES (49, N'45462538/24.03.2022', 92)
INSERT [dbo].[Список услуг] ([ID], [Код заказа], [Код услуги]) VALUES (50, N'45462538/24.03.2022', 45)
INSERT [dbo].[Список услуг] ([ID], [Код заказа], [Код услуги]) VALUES (51, N'45462538/24.03.2022', 57)
INSERT [dbo].[Список услуг] ([ID], [Код заказа], [Код услуги]) VALUES (52, N'45462539/25.03.2022', 92)
INSERT [dbo].[Список услуг] ([ID], [Код заказа], [Код услуги]) VALUES (53, N'45462539/25.03.2022', 45)
INSERT [dbo].[Список услуг] ([ID], [Код заказа], [Код услуги]) VALUES (54, N'45462539/25.03.2022', 57)
INSERT [dbo].[Список услуг] ([ID], [Код заказа], [Код услуги]) VALUES (55, N'45462539/25.03.2022', 88)
INSERT [dbo].[Список услуг] ([ID], [Код заказа], [Код услуги]) VALUES (56, N'45462540/26.03.2022', 98)
INSERT [dbo].[Список услуг] ([ID], [Код заказа], [Код услуги]) VALUES (57, N'45462540/26.03.2022', 45)
INSERT [dbo].[Список услуг] ([ID], [Код заказа], [Код услуги]) VALUES (58, N'45462540/26.03.2022', 89)
INSERT [dbo].[Список услуг] ([ID], [Код заказа], [Код услуги]) VALUES (59, N'45462540/26.03.2022', 353)
INSERT [dbo].[Список услуг] ([ID], [Код заказа], [Код услуги]) VALUES (60, N'45462540/26.03.2022', 336)
INSERT [dbo].[Список услуг] ([ID], [Код заказа], [Код услуги]) VALUES (61, N'45462541/27.03.2022', 34)
INSERT [dbo].[Список услуг] ([ID], [Код заказа], [Код услуги]) VALUES (62, N'45462541/27.03.2022', 31)
INSERT [dbo].[Список услуг] ([ID], [Код заказа], [Код услуги]) VALUES (63, N'45462541/27.03.2022', 353)
INSERT [dbo].[Список услуг] ([ID], [Код заказа], [Код услуги]) VALUES (64, N'45462542/28.03.2022', 98)
INSERT [dbo].[Список услуг] ([ID], [Код заказа], [Код услуги]) VALUES (65, N'45462542/28.03.2022', 45)
INSERT [dbo].[Список услуг] ([ID], [Код заказа], [Код услуги]) VALUES (66, N'45462542/28.03.2022', 89)
INSERT [dbo].[Список услуг] ([ID], [Код заказа], [Код услуги]) VALUES (67, N'45462543/29.03.2022', 92)
INSERT [dbo].[Список услуг] ([ID], [Код заказа], [Код услуги]) VALUES (68, N'45462543/29.03.2022', 45)
INSERT [dbo].[Список услуг] ([ID], [Код заказа], [Код услуги]) VALUES (69, N'45462543/29.03.2022', 57)
INSERT [dbo].[Список услуг] ([ID], [Код заказа], [Код услуги]) VALUES (70, N'45462544/30.03.2022', 92)
INSERT [dbo].[Список услуг] ([ID], [Код заказа], [Код услуги]) VALUES (71, N'45462544/30.03.2022', 45)
INSERT [dbo].[Список услуг] ([ID], [Код заказа], [Код услуги]) VALUES (72, N'45462544/30.03.2022', 57)
INSERT [dbo].[Список услуг] ([ID], [Код заказа], [Код услуги]) VALUES (73, N'45462544/30.03.2022', 88)
INSERT [dbo].[Список услуг] ([ID], [Код заказа], [Код услуги]) VALUES (74, N'45462545/31.03.2022', 98)
INSERT [dbo].[Список услуг] ([ID], [Код заказа], [Код услуги]) VALUES (75, N'45462545/31.03.2022', 45)
INSERT [dbo].[Список услуг] ([ID], [Код заказа], [Код услуги]) VALUES (76, N'45462545/31.03.2022', 89)
INSERT [dbo].[Список услуг] ([ID], [Код заказа], [Код услуги]) VALUES (77, N'45462545/31.03.2022', 353)
INSERT [dbo].[Список услуг] ([ID], [Код заказа], [Код услуги]) VALUES (78, N'45462545/31.03.2022', 336)
INSERT [dbo].[Список услуг] ([ID], [Код заказа], [Код услуги]) VALUES (79, N'45462546/01.04.2022', 34)
INSERT [dbo].[Список услуг] ([ID], [Код заказа], [Код услуги]) VALUES (80, N'45462546/01.04.2022', 31)
INSERT [dbo].[Список услуг] ([ID], [Код заказа], [Код услуги]) VALUES (81, N'45462546/01.04.2022', 353)
INSERT [dbo].[Список услуг] ([ID], [Код заказа], [Код услуги]) VALUES (82, N'45462547/02.04.2022', 98)
INSERT [dbo].[Список услуг] ([ID], [Код заказа], [Код услуги]) VALUES (83, N'45462547/02.04.2022', 45)
INSERT [dbo].[Список услуг] ([ID], [Код заказа], [Код услуги]) VALUES (84, N'45462547/02.04.2022', 89)
INSERT [dbo].[Список услуг] ([ID], [Код заказа], [Код услуги]) VALUES (85, N'45462548/03.04.2022', 92)
INSERT [dbo].[Список услуг] ([ID], [Код заказа], [Код услуги]) VALUES (86, N'45462548/03.04.2022', 45)
INSERT [dbo].[Список услуг] ([ID], [Код заказа], [Код услуги]) VALUES (87, N'45462548/03.04.2022', 57)
INSERT [dbo].[Список услуг] ([ID], [Код заказа], [Код услуги]) VALUES (88, N'45462548/03.04.2022', 92)
INSERT [dbo].[Список услуг] ([ID], [Код заказа], [Код услуги]) VALUES (89, N'45462549/04.04.2022', 92)
INSERT [dbo].[Список услуг] ([ID], [Код заказа], [Код услуги]) VALUES (90, N'45462549/04.04.2022', 45)
INSERT [dbo].[Список услуг] ([ID], [Код заказа], [Код услуги]) VALUES (91, N'45462549/04.04.2022', 57)
INSERT [dbo].[Список услуг] ([ID], [Код заказа], [Код услуги]) VALUES (92, N'45462549/04.04.2022', 88)
INSERT [dbo].[Список услуг] ([ID], [Код заказа], [Код услуги]) VALUES (93, N'45462550/05.04.2022', 98)
INSERT [dbo].[Список услуг] ([ID], [Код заказа], [Код услуги]) VALUES (94, N'45462550/05.04.2022', 45)
INSERT [dbo].[Список услуг] ([ID], [Код заказа], [Код услуги]) VALUES (95, N'45462550/05.04.2022', 89)
INSERT [dbo].[Список услуг] ([ID], [Код заказа], [Код услуги]) VALUES (96, N'45462550/05.04.2022', 353)
INSERT [dbo].[Список услуг] ([ID], [Код заказа], [Код услуги]) VALUES (97, N'45462550/05.04.2022', 336)
INSERT [dbo].[Список услуг] ([ID], [Код заказа], [Код услуги]) VALUES (98, N'45462551/06.04.2022', 34)
INSERT [dbo].[Список услуг] ([ID], [Код заказа], [Код услуги]) VALUES (99, N'45462551/06.04.2022', 31)
INSERT [dbo].[Список услуг] ([ID], [Код заказа], [Код услуги]) VALUES (100, N'45462551/06.04.2022', 353)
GO
INSERT [dbo].[Список услуг] ([ID], [Код заказа], [Код услуги]) VALUES (101, N'45462552/07.04.2022', 98)
INSERT [dbo].[Список услуг] ([ID], [Код заказа], [Код услуги]) VALUES (102, N'45462552/07.04.2022', 45)
INSERT [dbo].[Список услуг] ([ID], [Код заказа], [Код услуги]) VALUES (103, N'45462552/07.04.2022', 89)
INSERT [dbo].[Список услуг] ([ID], [Код заказа], [Код услуги]) VALUES (104, N'45462553/08.04.2022', 92)
INSERT [dbo].[Список услуг] ([ID], [Код заказа], [Код услуги]) VALUES (105, N'45462553/08.04.2022', 45)
INSERT [dbo].[Список услуг] ([ID], [Код заказа], [Код услуги]) VALUES (106, N'45462553/08.04.2022', 57)
INSERT [dbo].[Список услуг] ([ID], [Код заказа], [Код услуги]) VALUES (107, N'45462554/09.04.2022', 92)
INSERT [dbo].[Список услуг] ([ID], [Код заказа], [Код услуги]) VALUES (108, N'45462554/09.04.2022', 45)
INSERT [dbo].[Список услуг] ([ID], [Код заказа], [Код услуги]) VALUES (109, N'45462554/09.04.2022', 57)
INSERT [dbo].[Список услуг] ([ID], [Код заказа], [Код услуги]) VALUES (110, N'45462554/09.04.2022', 88)
INSERT [dbo].[Список услуг] ([ID], [Код заказа], [Код услуги]) VALUES (111, N'45462555/10.04.2022', 98)
INSERT [dbo].[Список услуг] ([ID], [Код заказа], [Код услуги]) VALUES (112, N'45462555/10.04.2022', 45)
INSERT [dbo].[Список услуг] ([ID], [Код заказа], [Код услуги]) VALUES (113, N'45462555/10.04.2022', 89)
INSERT [dbo].[Список услуг] ([ID], [Код заказа], [Код услуги]) VALUES (114, N'45462555/10.04.2022', 353)
INSERT [dbo].[Список услуг] ([ID], [Код заказа], [Код услуги]) VALUES (115, N'45462555/10.04.2022', 336)
INSERT [dbo].[Список услуг] ([ID], [Код заказа], [Код услуги]) VALUES (116, N'45462556/11.04.2022', 34)
INSERT [dbo].[Список услуг] ([ID], [Код заказа], [Код услуги]) VALUES (117, N'45462556/11.04.2022', 31)
INSERT [dbo].[Список услуг] ([ID], [Код заказа], [Код услуги]) VALUES (118, N'45462556/11.04.2022', 353)
INSERT [dbo].[Список услуг] ([ID], [Код заказа], [Код услуги]) VALUES (119, N'45462557/12.04.2022', 98)
INSERT [dbo].[Список услуг] ([ID], [Код заказа], [Код услуги]) VALUES (120, N'45462557/12.04.2022', 45)
INSERT [dbo].[Список услуг] ([ID], [Код заказа], [Код услуги]) VALUES (121, N'45462557/12.04.2022', 89)
INSERT [dbo].[Список услуг] ([ID], [Код заказа], [Код услуги]) VALUES (122, N'45462558/13.04.2022', 92)
INSERT [dbo].[Список услуг] ([ID], [Код заказа], [Код услуги]) VALUES (123, N'45462558/13.04.2022', 45)
INSERT [dbo].[Список услуг] ([ID], [Код заказа], [Код услуги]) VALUES (124, N'45462558/13.04.2022', 57)
INSERT [dbo].[Список услуг] ([ID], [Код заказа], [Код услуги]) VALUES (125, N'45462559/14.04.2022', 92)
INSERT [dbo].[Список услуг] ([ID], [Код заказа], [Код услуги]) VALUES (126, N'45462559/14.04.2022', 45)
INSERT [dbo].[Список услуг] ([ID], [Код заказа], [Код услуги]) VALUES (127, N'45462559/14.04.2022', 57)
INSERT [dbo].[Список услуг] ([ID], [Код заказа], [Код услуги]) VALUES (128, N'45462559/14.04.2022', 88)
INSERT [dbo].[Список услуг] ([ID], [Код заказа], [Код услуги]) VALUES (129, N'45462560/15.04.2022', 98)
INSERT [dbo].[Список услуг] ([ID], [Код заказа], [Код услуги]) VALUES (130, N'45462560/15.04.2022', 45)
INSERT [dbo].[Список услуг] ([ID], [Код заказа], [Код услуги]) VALUES (131, N'45462560/15.04.2022', 89)
INSERT [dbo].[Список услуг] ([ID], [Код заказа], [Код услуги]) VALUES (132, N'45462560/15.04.2022', 353)
INSERT [dbo].[Список услуг] ([ID], [Код заказа], [Код услуги]) VALUES (133, N'45462560/15.04.2022', 336)
INSERT [dbo].[Список услуг] ([ID], [Код заказа], [Код услуги]) VALUES (134, N'45462561/02.04.2022', 34)
INSERT [dbo].[Список услуг] ([ID], [Код заказа], [Код услуги]) VALUES (135, N'45462561/02.04.2022', 31)
INSERT [dbo].[Список услуг] ([ID], [Код заказа], [Код услуги]) VALUES (136, N'45462561/02.04.2022', 353)
INSERT [dbo].[Список услуг] ([ID], [Код заказа], [Код услуги]) VALUES (137, N'45462562/03.04.2022', 98)
INSERT [dbo].[Список услуг] ([ID], [Код заказа], [Код услуги]) VALUES (138, N'45462562/03.04.2022', 45)
INSERT [dbo].[Список услуг] ([ID], [Код заказа], [Код услуги]) VALUES (139, N'45462562/03.04.2022', 89)
INSERT [dbo].[Список услуг] ([ID], [Код заказа], [Код услуги]) VALUES (140, N'45462563/04.04.2022', 92)
INSERT [dbo].[Список услуг] ([ID], [Код заказа], [Код услуги]) VALUES (141, N'45462563/04.04.2022', 45)
INSERT [dbo].[Список услуг] ([ID], [Код заказа], [Код услуги]) VALUES (142, N'45462563/04.04.2022', 57)
INSERT [dbo].[Список услуг] ([ID], [Код заказа], [Код услуги]) VALUES (143, N'45462564/05.04.2022', 92)
INSERT [dbo].[Список услуг] ([ID], [Код заказа], [Код услуги]) VALUES (144, N'45462564/05.04.2022', 45)
INSERT [dbo].[Список услуг] ([ID], [Код заказа], [Код услуги]) VALUES (145, N'45462564/05.04.2022', 57)
INSERT [dbo].[Список услуг] ([ID], [Код заказа], [Код услуги]) VALUES (146, N'45462564/05.04.2022', 88)
INSERT [dbo].[Список услуг] ([ID], [Код заказа], [Код услуги]) VALUES (147, N'45462565/06.04.2022', 98)
INSERT [dbo].[Список услуг] ([ID], [Код заказа], [Код услуги]) VALUES (148, N'45462565/06.04.2022', 45)
INSERT [dbo].[Список услуг] ([ID], [Код заказа], [Код услуги]) VALUES (149, N'45462565/06.04.2022', 89)
INSERT [dbo].[Список услуг] ([ID], [Код заказа], [Код услуги]) VALUES (150, N'45462565/06.04.2022', 353)
INSERT [dbo].[Список услуг] ([ID], [Код заказа], [Код услуги]) VALUES (151, N'45462565/06.04.2022', 336)
INSERT [dbo].[Список услуг] ([ID], [Код заказа], [Код услуги]) VALUES (152, N'45462566/07.04.2022', 34)
INSERT [dbo].[Список услуг] ([ID], [Код заказа], [Код услуги]) VALUES (153, N'45462566/07.04.2022', 31)
INSERT [dbo].[Список услуг] ([ID], [Код заказа], [Код услуги]) VALUES (154, N'45462566/07.04.2022', 353)
INSERT [dbo].[Список услуг] ([ID], [Код заказа], [Код услуги]) VALUES (155, N'45462567/08.04.2022', 98)
INSERT [dbo].[Список услуг] ([ID], [Код заказа], [Код услуги]) VALUES (156, N'45462567/08.04.2022', 45)
INSERT [dbo].[Список услуг] ([ID], [Код заказа], [Код услуги]) VALUES (157, N'45462567/08.04.2022', 89)
INSERT [dbo].[Список услуг] ([ID], [Код заказа], [Код услуги]) VALUES (158, N'45462568/09.04.2022', 92)
INSERT [dbo].[Список услуг] ([ID], [Код заказа], [Код услуги]) VALUES (159, N'45462568/09.04.2022', 45)
INSERT [dbo].[Список услуг] ([ID], [Код заказа], [Код услуги]) VALUES (160, N'45462568/09.04.2022', 57)
INSERT [dbo].[Список услуг] ([ID], [Код заказа], [Код услуги]) VALUES (161, N'45462569/01.04.2022', 92)
INSERT [dbo].[Список услуг] ([ID], [Код заказа], [Код услуги]) VALUES (162, N'45462569/01.04.2022', 45)
INSERT [dbo].[Список услуг] ([ID], [Код заказа], [Код услуги]) VALUES (163, N'45462569/01.04.2022', 57)
INSERT [dbo].[Список услуг] ([ID], [Код заказа], [Код услуги]) VALUES (164, N'45462569/01.04.2022', 88)
INSERT [dbo].[Список услуг] ([ID], [Код заказа], [Код услуги]) VALUES (165, N'45462570/02.04.2022', 98)
INSERT [dbo].[Список услуг] ([ID], [Код заказа], [Код услуги]) VALUES (166, N'45462570/02.04.2022', 45)
INSERT [dbo].[Список услуг] ([ID], [Код заказа], [Код услуги]) VALUES (167, N'45462570/02.04.2022', 89)
INSERT [dbo].[Список услуг] ([ID], [Код заказа], [Код услуги]) VALUES (168, N'45462570/02.04.2022', 353)
INSERT [dbo].[Список услуг] ([ID], [Код заказа], [Код услуги]) VALUES (169, N'45462570/02.04.2022', 336)
INSERT [dbo].[Список услуг] ([ID], [Код заказа], [Код услуги]) VALUES (170, N'45462571/03.04.2022', 34)
INSERT [dbo].[Список услуг] ([ID], [Код заказа], [Код услуги]) VALUES (171, N'45462571/03.04.2022', 31)
INSERT [dbo].[Список услуг] ([ID], [Код заказа], [Код услуги]) VALUES (172, N'45462571/03.04.2022', 353)
INSERT [dbo].[Список услуг] ([ID], [Код заказа], [Код услуги]) VALUES (173, N'45462572/04.04.2022', 98)
INSERT [dbo].[Список услуг] ([ID], [Код заказа], [Код услуги]) VALUES (174, N'45462572/04.04.2022', 45)
INSERT [dbo].[Список услуг] ([ID], [Код заказа], [Код услуги]) VALUES (175, N'45462572/04.04.2022', 89)
INSERT [dbo].[Список услуг] ([ID], [Код заказа], [Код услуги]) VALUES (176, N'45462573/05.04.2022', 92)
INSERT [dbo].[Список услуг] ([ID], [Код заказа], [Код услуги]) VALUES (177, N'45462573/05.04.2022', 45)
INSERT [dbo].[Список услуг] ([ID], [Код заказа], [Код услуги]) VALUES (178, N'45462573/05.04.2022', 57)
INSERT [dbo].[Список услуг] ([ID], [Код заказа], [Код услуги]) VALUES (179, N'45462574/06.04.2022', 92)
INSERT [dbo].[Список услуг] ([ID], [Код заказа], [Код услуги]) VALUES (180, N'45462574/06.04.2022', 45)
INSERT [dbo].[Список услуг] ([ID], [Код заказа], [Код услуги]) VALUES (181, N'45462574/06.04.2022', 57)
INSERT [dbo].[Список услуг] ([ID], [Код заказа], [Код услуги]) VALUES (182, N'45462574/06.04.2022', 88)
INSERT [dbo].[Список услуг] ([ID], [Код заказа], [Код услуги]) VALUES (183, N'45462575/07.04.2022', 98)
INSERT [dbo].[Список услуг] ([ID], [Код заказа], [Код услуги]) VALUES (184, N'45462575/07.04.2022', 45)
INSERT [dbo].[Список услуг] ([ID], [Код заказа], [Код услуги]) VALUES (185, N'45462575/07.04.2022', 89)
INSERT [dbo].[Список услуг] ([ID], [Код заказа], [Код услуги]) VALUES (186, N'45462575/07.04.2022', 353)
INSERT [dbo].[Список услуг] ([ID], [Код заказа], [Код услуги]) VALUES (187, N'45462575/07.04.2022', 336)
GO
INSERT [dbo].[Услуги] ([Код услуги], [Наименование], [Шифр], [Стоимость руб час]) VALUES (31, N'Прокат набора защитного оборудования', N'JUR8R', 1000.0000)
INSERT [dbo].[Услуги] ([Код услуги], [Наименование], [Шифр], [Стоимость руб час]) VALUES (34, N'Прокат роликов', N'JKFBJ09', 1000.0000)
INSERT [dbo].[Услуги] ([Код услуги], [Наименование], [Шифр], [Стоимость руб час]) VALUES (44, N'Аренда моноколеса', N'DHBGFY563', 1000.0000)
INSERT [dbo].[Услуги] ([Код услуги], [Наименование], [Шифр], [Стоимость руб час]) VALUES (45, N'Прокат электросамоката', N'JFH7382', 1200.0000)
INSERT [dbo].[Услуги] ([Код услуги], [Наименование], [Шифр], [Стоимость руб час]) VALUES (57, N'Инструктор по катанию на роликах', N'JHVSJF6', 1000.0000)
INSERT [dbo].[Услуги] ([Код услуги], [Наименование], [Шифр], [Стоимость руб час]) VALUES (88, N'Инструктор по катанию на велосипеде', N'DJHGBS982', 1000.0000)
INSERT [dbo].[Услуги] ([Код услуги], [Наименование], [Шифр], [Стоимость руб час]) VALUES (89, N'Прокат велоколяски', N'OIJNB12', 2000.0000)
INSERT [dbo].[Услуги] ([Код услуги], [Наименование], [Шифр], [Стоимость руб час]) VALUES (92, N'Аренда гироскутера', N'HJBUJE21J', 1200.0000)
INSERT [dbo].[Услуги] ([Код услуги], [Наименование], [Шифр], [Стоимость руб час]) VALUES (98, N'Прокат самоката', N'63748HF', 700.0000)
INSERT [dbo].[Услуги] ([Код услуги], [Наименование], [Шифр], [Стоимость руб час]) VALUES (99, N'Экскурсия', N'BSFBHV63', 2000.0000)
INSERT [dbo].[Услуги] ([Код услуги], [Наименование], [Шифр], [Стоимость руб час]) VALUES (123, N'Инструктор по катанию на гироскутере', N'638VVNQ3', 1200.0000)
INSERT [dbo].[Услуги] ([Код услуги], [Наименование], [Шифр], [Стоимость руб час]) VALUES (336, N'Прокат велосипеда', N'8HFJHG443', 1000.0000)
INSERT [dbo].[Услуги] ([Код услуги], [Наименование], [Шифр], [Стоимость руб час]) VALUES (353, N'Прокат шлема', N'87FDJKHJ', 400.0000)
GO
ALTER TABLE [dbo].[Заказы]  WITH CHECK ADD  CONSTRAINT [FK_Заказы_Клиенты] FOREIGN KEY([Код клиента])
REFERENCES [dbo].[Клиенты] ([Код клиента])
GO
ALTER TABLE [dbo].[Заказы] CHECK CONSTRAINT [FK_Заказы_Клиенты]
GO
ALTER TABLE [dbo].[Заказы]  WITH CHECK ADD  CONSTRAINT [FK_Заказы_Сотрудники] FOREIGN KEY([Код сотрудника])
REFERENCES [dbo].[Сотрудники] ([Код сотрудника])
GO
ALTER TABLE [dbo].[Заказы] CHECK CONSTRAINT [FK_Заказы_Сотрудники]
GO
ALTER TABLE [dbo].[Отчеты]  WITH CHECK ADD  CONSTRAINT [FK_Отчеты_Заказы] FOREIGN KEY([Код заказа])
REFERENCES [dbo].[Заказы] ([Код заказа])
GO
ALTER TABLE [dbo].[Отчеты] CHECK CONSTRAINT [FK_Отчеты_Заказы]
GO
ALTER TABLE [dbo].[Отчеты]  WITH CHECK ADD  CONSTRAINT [FK_Отчеты_Сотрудники] FOREIGN KEY([Код сотрудника])
REFERENCES [dbo].[Сотрудники] ([Код сотрудника])
GO
ALTER TABLE [dbo].[Отчеты] CHECK CONSTRAINT [FK_Отчеты_Сотрудники]
GO
ALTER TABLE [dbo].[Список услуг]  WITH CHECK ADD  CONSTRAINT [FK_Список услуг_Заказы] FOREIGN KEY([Код заказа])
REFERENCES [dbo].[Заказы] ([Код заказа])
GO
ALTER TABLE [dbo].[Список услуг] CHECK CONSTRAINT [FK_Список услуг_Заказы]
GO
ALTER TABLE [dbo].[Список услуг]  WITH CHECK ADD  CONSTRAINT [FK_Список услуг_Услуги] FOREIGN KEY([Код услуги])
REFERENCES [dbo].[Услуги] ([Код услуги])
GO
ALTER TABLE [dbo].[Список услуг] CHECK CONSTRAINT [FK_Список услуг_Услуги]
GO
USE [master]
GO
ALTER DATABASE [Прокат] SET  READ_WRITE 
GO